0,Male
1,Male
2,Male
3,Male
4,Male
5,Male
6,Male
7,Male
8,Male
9,Male
10,Male
11,Male
12,Male
13,Male
14,Male
15,Male
16,Male
17,Male
18,Male
19,Male
20,Male
21,Male
22,Male
23,Male
24,Male
25,Male
26,Male
27,Male
28,Male
29,Male
30,Male
31,Male
32,Male
33,Male
34,Male
35,Male
36,Male
37,Male
38,Male
39,Male
40,Male
41,Male
42,Male
43,Male
44,Male
45,Male
46,Male
47,Male
48,Male
49,Male
50,Male
51,Male
52,Male
53,Male
54,Male
55,Male
56,Male
57,Male
58,Male
59,Male
60,Male
61,Male
62,Male
63,Male
64,Male
65,Male
66,Male
67,Male
68,Male
69,Male
70,Male
71,Male
72,Male
73,Male
74,Male
75,Male
76,Male
77,Male
78,Male
79,Male
80,Male
81,Male
82,Male
83,Male
84,Male
85,Male
86,Male
87,Male
88,Male
89,Male
90,Male
91,Male
92,Male
93,Male
94,Male
95,Male
96,Male
97,Male
98,Male
99,Male
100,Male
101,Male
102,Male
103,Male
104,Male
105,Male
106,Male
107,Male
108,Male
109,Male
110,Male
111,Male
112,Male
113,Male
114,Male
115,Male
116,Male
117,Male
118,Male
119,Male
120,Male
121,Male
122,Male
123,Male
124,Male
125,Male
126,Male
127,Male
128,Male
129,Male
130,Male
131,Male
132,Male
133,Male
134,Male
135,Male
136,Male
137,Male
138,Male
139,Male
140,Male
141,Male
142,Male
143,Male
144,Male
145,Male
146,Male
147,Male
148,Male
149,Male
150,Male
151,Male
152,Male
153,Male
154,Male
155,Male
156,Male
157,Male
158,Male
159,Male
160,Male
161,Male
162,Male
163,Male
164,Male
165,Male
166,Male
167,Male
168,Male
169,Male
170,Male
171,Male
172,Male
173,Male
174,Male
175,Male
176,Male
177,Male
178,Male
179,Male
180,Male
181,Male
182,Male
183,Male
184,Male
185,Male
186,Male
187,Male
188,Male
189,Male
190,Male
191,Male
192,Male
193,Male
194,Male
195,Male
196,Male
197,Male
198,Male
199,Male
200,Male
201,Male
202,Male
203,Male
204,Male
205,Male
206,Male
207,Male
208,Male
209,Male
210,Male
211,Male
212,Male
213,Male
214,Male
215,Male
216,Male
217,Male
218,Male
219,Male
220,Male
221,Male
222,Male
223,Male
224,Male
225,Male
226,Male
227,Male
228,Male
229,Male
230,Male
231,Male
232,Male
233,Male
234,Male
235,Male
236,Male
237,Male
238,Male
239,Male
240,Male
241,Male
242,Male
243,Male
244,Male
245,Male
246,Male
247,Male
248,Male
249,Male
250,Male
251,Male
252,Male
253,Male
254,Male
255,Male
256,Male
257,Male
258,Male
259,Male
260,Male
261,Male
262,Male
263,Male
264,Male
265,Male
266,Male
267,Male
268,Male
269,Male
270,Male
271,Male
272,Male
273,Male
274,Male
275,Male
276,Male
277,Male
278,Male
279,Male
280,Male
281,Male
282,Male
283,Male
284,Male
285,Male
286,Male
287,Male
288,Male
289,Male
290,Male
291,Male
292,Male
293,Male
294,Male
295,Male
296,Male
297,Male
298,Male
299,Male
300,Male
301,Male
302,Male
303,Male
304,Male
305,Male
306,Male
307,Male
308,Male
309,Male
310,Male
311,Male
312,Male
313,Male
314,Male
315,Male
316,Male
317,Male
318,Male
319,Male
320,Male
321,Male
322,Male
323,Male
324,Male
325,Male
326,Male
327,Male
328,Male
329,Male
330,Male
331,Male
332,Male
333,Male
334,Male
335,Male
336,Male
337,Male
338,Male
339,Male
340,Male
341,Male
342,Male
343,Male
344,Male
345,Male
346,Male
347,Male
348,Male
349,Male
350,Male
351,Male
352,Male
353,Male
354,Male
355,Male
356,Male
357,Male
358,Male
359,Male
360,Male
361,Male
362,Male
363,Male
364,Male
365,Male
366,Male
367,Male
368,Male
369,Male
370,Male
371,Male
372,Male
373,Male
374,Male
375,Male
376,Male
377,Male
378,Male
379,Male
380,Male
381,Male
382,Male
383,Male
384,Male
385,Male
386,Male
387,Male
388,Male
389,Male
390,Male
391,Male
392,Male
393,Male
394,Male
395,Male
396,Male
397,Male
398,Male
399,Male
400,Male
401,Male
402,Male
403,Male
404,Male
405,Male
406,Male
407,Male
408,Male
409,Male
410,Male
411,Male
412,Male
413,Male
414,Male
415,Male
416,Male
417,Male
418,Male
419,Male
420,Male
421,Male
422,Male
423,Male
424,Male
425,Male
426,Male
427,Male
428,Male
429,Male
430,Male
431,Male
432,Male
433,Male
434,Male
435,Male
436,Male
437,Male
438,Male
439,Male
440,Male
441,Male
442,Male
443,Male
444,Male
445,Male
446,Male
447,Male
448,Male
449,Male
450,Male
451,Male
452,Male
453,Male
454,Male
455,Male
456,Male
457,Male
458,Male
459,Male
460,Male
461,Male
462,Male
463,Male
464,Male
465,Male
466,Male
467,Male
468,Male
469,Male
470,Male
471,Male
472,Male
473,Male
474,Male
475,Male
476,Male
477,Male
478,Male
479,Male
480,Male
481,Male
482,Male
483,Male
484,Male
485,Male
486,Male
487,Male
488,Male
489,Male
490,Male
491,Male
492,Male
493,Male
494,Male
495,Male
496,Male
497,Male
498,Male
499,Male
500,Female
501,Female
502,Female
503,Female
504,Female
505,Female
506,Female
507,Female
508,Female
509,Female
510,Female
511,Female
512,Female
513,Female
514,Female
515,Female
516,Female
517,Female
518,Female
519,Female
520,Female
521,Female
522,Female
523,Female
524,Female
525,Female
526,Female
527,Female
528,Female
529,Female
530,Female
531,Female
532,Female
533,Female
534,Female
535,Female
536,Female
537,Female
538,Female
539,Female
540,Female
541,Female
542,Female
543,Female
544,Female
545,Female
546,Female
547,Female
548,Female
549,Female
550,Female
551,Female
552,Female
553,Female
554,Female
555,Female
556,Female
557,Female
558,Female
559,Female
560,Female
561,Female
562,Female
563,Female
564,Female
565,Female
566,Female
567,Female
568,Female
569,Female
570,Female
571,Female
572,Female
573,Female
574,Female
575,Female
576,Female
577,Female
578,Female
579,Female
580,Female
581,Female
582,Female
583,Female
584,Female
585,Female
586,Female
587,Female
588,Female
589,Female
590,Female
591,Female
592,Female
593,Female
594,Female
595,Female
596,Female
597,Female
598,Female
599,Female
600,Female
601,Female
602,Female
603,Female
604,Female
605,Female
606,Female
607,Female
608,Female
609,Female
610,Female
611,Female
612,Female
613,Female
614,Female
615,Female
616,Female
617,Female
618,Female
619,Female
620,Female
621,Female
622,Female
623,Female
624,Female
625,Female
626,Female
627,Female
628,Female
629,Female
630,Female
631,Female
632,Female
633,Female
634,Female
635,Female
636,Female
637,Female
638,Female
639,Female
640,Female
641,Female
642,Female
643,Female
644,Female
645,Female
646,Female
647,Female
648,Female
649,Female
650,Female
651,Female
652,Female
653,Female
654,Female
655,Female
656,Female
657,Female
658,Female
659,Female
660,Female
661,Female
662,Female
663,Female
664,Female
665,Female
666,Female
667,Female
668,Female
669,Female
670,Female
671,Female
672,Female
673,Female
674,Female
675,Female
676,Female
677,Female
678,Female
679,Female
680,Female
681,Female
682,Female
683,Female
684,Female
685,Female
686,Female
687,Female
688,Female
689,Female
690,Female
691,Female
692,Female
693,Female
694,Female
695,Female
696,Female
697,Female
698,Female
699,Female
700,Female
701,Female
702,Female
703,Female
704,Female
705,Female
706,Female
707,Female
708,Female
709,Female
710,Female
711,Female
712,Female
713,Female
714,Female
715,Female
716,Female
717,Female
718,Female
719,Female
720,Female
721,Female
722,Female
723,Female
724,Female
725,Female
726,Female
727,Female
728,Female
729,Female
730,Female
731,Female
732,Female
733,Female
734,Female
735,Female
736,Female
737,Female
738,Female
739,Female
740,Female
741,Female
742,Female
743,Female
744,Female
745,Female
746,Female
747,Female
748,Female
749,Female
750,Female
751,Female
752,Female
753,Female
754,Female
755,Female
756,Female
757,Female
758,Female
759,Female
760,Female
761,Female
762,Female
763,Female
764,Female
765,Female
766,Female
767,Female
768,Female
769,Female
770,Female
771,Female
772,Female
773,Female
774,Female
775,Female
776,Female
777,Female
778,Female
779,Female
780,Female
781,Female
782,Female
783,Female
784,Female
785,Female
786,Female
787,Female
788,Female
789,Female
790,Female
791,Female
792,Female
793,Female
794,Female
795,Female
796,Female
797,Female
798,Female
799,Female
800,Female
801,Female
802,Female
803,Female
804,Female
805,Female
806,Female
807,Female
808,Female
809,Female
810,Female
811,Female
812,Female
813,Female
814,Female
815,Female
816,Female
817,Female
818,Female
819,Female
820,Female
821,Female
822,Female
823,Female
824,Female
825,Female
826,Female
827,Female
828,Female
829,Female
830,Female
831,Female
832,Female
833,Female
834,Female
835,Female
836,Female
837,Female
838,Female
839,Female
840,Female
841,Female
842,Female
843,Female
844,Female
845,Female
846,Female
847,Female
848,Female
849,Female
850,Female
851,Female
852,Female
853,Female
854,Female
855,Female
856,Female
857,Female
858,Female
859,Female
860,Female
861,Female
862,Female
863,Female
864,Female
865,Female
866,Female
867,Female
868,Female
869,Female
870,Female
871,Female
872,Female
873,Female
874,Female
875,Female
876,Female
877,Female
878,Female
879,Female
880,Female
881,Female
882,Female
883,Female
884,Female
885,Female
886,Female
887,Female
888,Female
889,Female
890,Female
891,Female
892,Female
893,Female
894,Female
895,Female
896,Female
897,Female
898,Female
899,Female
900,Female
901,Female
902,Female
903,Female
904,Female
905,Female
906,Female
907,Female
908,Female
909,Female
910,Female
911,Female
912,Female
913,Female
914,Female
915,Female
916,Female
917,Female
918,Female
919,Female
920,Female
921,Female
922,Female
923,Female
924,Female
925,Female
926,Female
927,Female
928,Female
929,Female
930,Female
931,Female
932,Female
933,Female
934,Female
935,Female
936,Female
937,Female
938,Female
939,Female
940,Female
941,Female
942,Female
943,Female
944,Female
945,Female
946,Female
947,Female
948,Female
949,Female
950,Female
951,Female
952,Female
953,Female
954,Female
955,Female
956,Female
957,Female
958,Female
959,Female
960,Female
961,Female
962,Female
963,Female
964,Female
965,Female
966,Female
967,Female
968,Female
969,Female
970,Female
971,Female
972,Female
973,Female
974,Female
975,Female
976,Female
977,Female
978,Female
979,Female
980,Female
981,Female
982,Female
983,Female
984,Female
985,Female
986,Female
987,Female
988,Female
989,Female
990,Female
991,Female
992,Female
993,Female
994,Female
995,Female
996,Female
997,Female
998,Female
999,Female
